season,variable,variable_abbrev,factor_1,factor_2,factor_3,variation_1,variation_2,variation_3,total_variation
1984,mean_min_played,MP,0.9280006298340917,-0.130614456831779,0.0016043634478665597,0.5170649049476386,0.21497145581432633,0.09083841097655691,0.8228747717385217
1984,mean_field_goals,FG,0.9003840943939754,-0.210857475203863,0.16591835434746977,0.5170649049476386,0.21497145581432633,0.09083841097655691,0.8228747717385217
1984,mean_field_goals_3pt,FG3P,0.08658682223447493,-0.8503425710490087,-0.44879986519432,0.5170649049476386,0.21497145581432633,0.09083841097655691,0.8228747717385217
1984,mean_free_throws,FT,0.8792999427583896,-0.006920406268079021,0.3233981664405947,0.5170649049476386,0.21497145581432633,0.09083841097655691,0.8228747717385217
1984,mean_field_goals_attempts,FGA,0.8800286839703734,-0.2835545612041118,0.17319304929514898,0.5170649049476386,0.21497145581432633,0.09083841097655691,0.8228747717385217
1984,mean_field_goals_attempt_3pt,FGA3P,0.08412159465186177,-0.87938809025299,-0.40457570822786243,0.5170649049476386,0.21497145581432633,0.09083841097655691,0.8228747717385217
1984,mean_free_throws_attempts,FTA,0.9053795952370337,0.03407749720538915,0.2811170469771223,0.5170649049476386,0.21497145581432633,0.09083841097655691,0.8228747717385217
1984,mean_offensive_rebounds,ORB,0.7243594848684362,0.5159256255983555,-0.1822947229971257,0.5170649049476386,0.21497145581432633,0.09083841097655691,0.8228747717385217
1984,mean_defensive_rebounds,DRB,0.7300433276619015,0.46206660756771256,-0.3102347883758241,0.5170649049476386,0.21497145581432633,0.09083841097655691,0.8228747717385217
1984,mean_steals,STL,0.4625074240982056,-0.5219329403628361,0.04386703939954249,0.5170649049476386,0.21497145581432633,0.09083841097655691,0.8228747717385217
1984,mean_blocks,BLK,0.4140917224424213,0.5600072837075585,-0.5333539070703935,0.5170649049476386,0.21497145581432633,0.09083841097655691,0.8228747717385217
1984,mean_turnovers,TOV,0.8759787188336107,-0.1954140608781271,0.06383503839954387,0.5170649049476386,0.21497145581432633,0.09083841097655691,0.8228747717385217
1984,mean_personal_fouls,PF,0.6765194458753088,0.22626543651131928,-0.39333628846478585,0.5170649049476386,0.21497145581432633,0.09083841097655691,0.8228747717385217
1985,mean_min_played,MP,0.9187195827998972,-0.1462358158156651,0.0355552440643558,0.5264465874926373,0.2206229935735859,0.07728740180057161,0.8243569828667947
1985,mean_field_goals,FG,0.9019169345640323,-0.21767368802295764,0.15504931517179624,0.5264465874926373,0.2206229935735859,0.07728740180057161,0.8243569828667947
1985,mean_field_goals_3pt,FG3P,0.15457989016987722,-0.8441498434504399,-0.47576307353023944,0.5264465874926373,0.2206229935735859,0.07728740180057161,0.8243569828667947
1985,mean_free_throws,FT,0.8954334527689733,-0.04494090023934066,0.24194202380840044,0.5264465874926373,0.2206229935735859,0.07728740180057161,0.8243569828667947
1985,mean_field_goals_attempts,FGA,0.8854946842336429,-0.2811241588376187,0.15042720522404704,0.5264465874926373,0.2206229935735859,0.07728740180057161,0.8243569828667947
1985,mean_field_goals_attempt_3pt,FGA3P,0.1718453229867235,-0.8787852693485828,-0.415794459998216,0.5264465874926373,0.2206229935735859,0.07728740180057161,0.8243569828667947
1985,mean_free_throws_attempts,FTA,0.9091402273096915,0.00951571499800282,0.21386801838563282,0.5264465874926373,0.2206229935735859,0.07728740180057161,0.8243569828667947
1985,mean_offensive_rebounds,ORB,0.7117465541961318,0.5528255585052542,-0.15666754758435045,0.5264465874926373,0.2206229935735859,0.07728740180057161,0.8243569828667947
1985,mean_defensive_rebounds,DRB,0.7249097533827163,0.5076534273920933,-0.2691153410698205,0.5264465874926373,0.2206229935735859,0.07728740180057161,0.8243569828667947
1985,mean_steals,STL,0.5172820809454054,-0.4697607448572627,0.15143619960749471,0.5264465874926373,0.2206229935735859,0.07728740180057161,0.8243569828667947
1985,mean_blocks,BLK,0.4663640349410359,0.5796385036713394,-0.4508037562702519,0.5264465874926373,0.2206229935735859,0.07728740180057161,0.8243569828667947
1985,mean_turnovers,TOV,0.8756281728401465,-0.11899477890341131,0.10761839794413443,0.5264465874926373,0.2206229935735859,0.07728740180057161,0.8243569828667947
1985,mean_personal_fouls,PF,0.6607299182059966,0.31495209808621055,-0.34436310848744167,0.5264465874926373,0.2206229935735859,0.07728740180057161,0.8243569828667947
1986,mean_min_played,MP,-0.8739699366532155,0.06735621933737838,0.14870345452458297,0.5063988271510699,0.22469144183594977,0.0875559356790685,0.8186462046660882
1986,mean_field_goals,FG,-0.95396359834293,-0.1356276717186029,0.04187106224530411,0.5063988271510699,0.22469144183594977,0.0875559356790685,0.8186462046660882
1986,mean_field_goals_3pt,FG3P,-0.4054133560588858,-0.6551783714570214,-0.6032331917599969,0.5063988271510699,0.22469144183594977,0.0875559356790685,0.8186462046660882
1986,mean_free_throws,FT,-0.9037129902046318,-0.07943616283762842,0.19374596938803348,0.5063988271510699,0.22469144183594977,0.0875559356790685,0.8186462046660882
1986,mean_field_goals_attempts,FGA,-0.9277844577603257,-0.18746404296192562,0.0436040304439313,0.5063988271510699,0.22469144183594977,0.0875559356790685,0.8186462046660882
1986,mean_field_goals_attempt_3pt,FGA3P,-0.4283689120449614,-0.7305280645240299,-0.48528825231139444,0.5063988271510699,0.22469144183594977,0.0875559356790685,0.8186462046660882
1986,mean_free_throws_attempts,FTA,-0.8947471945137291,0.007585997335308903,0.24535862156396757,0.5063988271510699,0.22469144183594977,0.0875559356790685,0.8186462046660882
1986,mean_offensive_rebounds,ORB,-0.5815950478062207,0.6492044035595946,-0.22848041359903057,0.5063988271510699,0.22469144183594977,0.0875559356790685,0.8186462046660882
1986,mean_defensive_rebounds,DRB,-0.630261940495407,0.5497299845794635,-0.36860177500683033,0.5063988271510699,0.22469144183594977,0.0875559356790685,0.8186462046660882
1986,mean_steals,STL,-0.6686009068768918,-0.29456967224553116,0.23286376940230533,0.5063988271510699,0.22469144183594977,0.0875559356790685,0.8186462046660882
1986,mean_blocks,BLK,-0.20211417789660535,0.6999499055836353,-0.3728773937912472,0.5063988271510699,0.22469144183594977,0.0875559356790685,0.8186462046660882
1986,mean_turnovers,TOV,-0.8914429547251528,0.025359640919185886,0.16934770963125131,0.5063988271510699,0.22469144183594977,0.0875559356790685,0.8186462046660882
1986,mean_personal_fouls,PF,-0.2556762846856926,0.7698070933502815,-0.07289940479069104,0.5063988271510699,0.22469144183594977,0.0875559356790685,0.8186462046660882
1987,mean_min_played,MP,0.9336175416919373,0.09885249098443862,-0.025477368968007025,0.5452743644245781,0.2123391929981985,0.07875666315641916,0.8363702205791957
1987,mean_field_goals,FG,0.9177137562920569,0.18192781872799701,0.15448681231806297,0.5452743644245781,0.2123391929981985,0.07875666315641916,0.8363702205791957
1987,mean_field_goals_3pt,FG3P,0.18337636184270098,0.8483656123014341,-0.46487070313107204,0.5452743644245781,0.2123391929981985,0.07875666315641916,0.8363702205791957
1987,mean_free_throws,FT,0.8905210860679555,0.07735882899817978,0.303578726524833,0.5452743644245781,0.2123391929981985,0.07875666315641916,0.8363702205791957
1987,mean_field_goals_attempts,FGA,0.8959210193480858,0.2468793797311186,0.16797272000960853,0.5452743644245781,0.2123391929981985,0.07875666315641916,0.8363702205791957
1987,mean_field_goals_attempt_3pt,FGA3P,0.2031850740968514,0.8764710531693563,-0.40515307923024824,0.5452743644245781,0.2123391929981985,0.07875666315641916,0.8363702205791957
1987,mean_free_throws_attempts,FTA,0.9128718555739588,0.006410707726779755,0.27241116506820046,0.5452743644245781,0.2123391929981985,0.07875666315641916,0.8363702205791957
1987,mean_offensive_rebounds,ORB,0.6737307804054928,-0.5583784488847404,-0.21299134567471362,0.5452743644245781,0.2123391929981985,0.07875666315641916,0.8363702205791957
1987,mean_defensive_rebounds,DRB,0.720854244018313,-0.4904523980177125,-0.3332867774753678,0.5452743644245781,0.2123391929981985,0.07875666315641916,0.8363702205791957
1987,mean_steals,STL,0.6500917526006647,0.36513481453956403,0.0827328473092106,0.5452743644245781,0.2123391929981985,0.07875666315641916,0.8363702205791957
1987,mean_blocks,BLK,0.45709333507941136,-0.5788151186770432,-0.3578154949588192,0.5452743644245781,0.2123391929981985,0.07875666315641916,0.8363702205791957
1987,mean_turnovers,TOV,0.8850072623505326,0.1288506593335238,0.12595900468068846,0.5452743644245781,0.2123391929981985,0.07875666315641916,0.8363702205791957
1987,mean_personal_fouls,PF,0.6945809199413088,-0.3540570803604833,-0.342486682771473,0.5452743644245781,0.2123391929981985,0.07875666315641916,0.8363702205791957
1988,mean_min_played,MP,-0.9261062538063108,0.14917904655498637,0.00471785005039261,0.5317710009566156,0.2158149467041587,0.07844178044262243,0.8260277281033966
1988,mean_field_goals,FG,-0.9071914666832479,0.24419028196151008,-0.14464142477568506,0.5317710009566156,0.2158149467041587,0.07844178044262243,0.8260277281033966
1988,mean_field_goals_3pt,FG3P,-0.1307515278263483,0.8582758572578553,0.4642680514804049,0.5317710009566156,0.2158149467041587,0.07844178044262243,0.8260277281033966
1988,mean_free_throws,FT,-0.8967936215049219,0.03523571459647757,-0.273769514877305,0.5317710009566156,0.2158149467041587,0.07844178044262243,0.8260277281033966
1988,mean_field_goals_attempts,FGA,-0.8867513095331533,0.2900211161751858,-0.14713857984704085,0.5317710009566156,0.2158149467041587,0.07844178044262243,0.8260277281033966
1988,mean_field_goals_attempt_3pt,FGA3P,-0.16118318582105545,0.8816060138853202,0.4145053699302242,0.5317710009566156,0.2158149467041587,0.07844178044262243,0.8260277281033966
1988,mean_free_throws_attempts,FTA,-0.9103337130690301,-0.04438023343654931,-0.23400177214369328,0.5317710009566156,0.2158149467041587,0.07844178044262243,0.8260277281033966
1988,mean_offensive_rebounds,ORB,-0.6703001319932896,-0.508212024813346,0.25015429792992105,0.5317710009566156,0.2158149467041587,0.07844178044262243,0.8260277281033966
1988,mean_defensive_rebounds,DRB,-0.7412308678698951,-0.46587895829827997,0.2979763125015977,0.5317710009566156,0.2158149467041587,0.07844178044262243,0.8260277281033966
1988,mean_steals,STL,-0.593832960977946,0.41776963870004663,-0.12303094382917129,0.5317710009566156,0.2158149467041587,0.07844178044262243,0.8260277281033966
1988,mean_blocks,BLK,-0.4268603997546468,-0.5468785696429292,0.4177031518001599,0.5317710009566156,0.2158149467041587,0.07844178044262243,0.8260277281033966
1988,mean_turnovers,TOV,-0.8935429191277723,0.08785195418527082,-0.13074484725832178,0.5317710009566156,0.2158149467041587,0.07844178044262243,0.8260277281033966
1988,mean_personal_fouls,PF,-0.6618246940040725,-0.40727476383786243,0.3193901617187905,0.5317710009566156,0.2158149467041587,0.07844178044262243,0.8260277281033966
1989,mean_min_played,MP,-0.8976456539394166,-0.02577933436585299,0.039861872313545564,0.3971630815895783,0.24689077380500046,0.10030873851464377,0.7443625939092224
1989,mean_field_goals,FG,-0.8838605270142371,0.0389605177329354,0.24829180601918194,0.3971630815895783,0.24689077380500046,0.10030873851464377,0.7443625939092224
1989,mean_field_goals_3pt,FG3P,-0.32585901589543975,-0.714557501353167,-0.5206938150051701,0.3971630815895783,0.24689077380500046,0.10030873851464377,0.7443625939092224
1989,mean_free_throws,FT,-0.851356560939286,0.32499911337956977,0.1349021923927629,0.3971630815895783,0.24689077380500046,0.10030873851464377,0.7443625939092224
1989,mean_field_goals_attempts,FGA,-0.8532515564760249,-0.04356920469217512,0.2652486562073939,0.3971630815895783,0.24689077380500046,0.10030873851464377,0.7443625939092224
1989,mean_field_goals_attempt_3pt,FGA3P,-0.4121966800812083,-0.6828307595000175,-0.5435712585983876,0.3971630815895783,0.24689077380500046,0.10030873851464377,0.7443625939092224
1989,mean_free_throws_attempts,FTA,-0.8188165398542134,0.4377106436973517,0.08284998230976882,0.3971630815895783,0.24689077380500046,0.10030873851464377,0.7443625939092224
1989,mean_offensive_rebounds,ORB,-0.1072196050471852,0.7252158541476733,-0.24396012222768101,0.3971630815895783,0.24689077380500046,0.10030873851464377,0.7443625939092224
1989,mean_defensive_rebounds,DRB,-0.12796537265877073,0.8021162105036924,-0.3437907212675196,0.3971630815895783,0.24689077380500046,0.10030873851464377,0.7443625939092224
1989,mean_steals,STL,-0.6677979474280391,-0.06495583839920215,-0.38288100298064626,0.3971630815895783,0.24689077380500046,0.10030873851464377,0.7443625939092224
1989,mean_blocks,BLK,0.27088027222906014,0.6502278841933268,-0.1906358719036976,0.3971630815895783,0.24689077380500046,0.10030873851464377,0.7443625939092224
1989,mean_turnovers,TOV,-0.7828313111031264,0.02425416950726019,-0.07153135950828,0.3971630815895783,0.24689077380500046,0.10030873851464377,0.7443625939092224
1989,mean_personal_fouls,PF,0.12930470703125668,0.5783612282640693,-0.46151841054276355,0.3971630815895783,0.24689077380500046,0.10030873851464377,0.7443625939092224
1990,mean_min_played,MP,0.9316584089097919,0.09908815503541903,0.03445395350811793,0.5547285086665101,0.20222998674381104,0.0675315775727102,0.8244900729830315
1990,mean_field_goals,FG,0.9236755019814128,0.137227374590376,0.13790731513242255,0.5547285086665101,0.20222998674381104,0.0675315775727102,0.8244900729830315
1990,mean_field_goals_3pt,FG3P,0.2892782304767799,0.8470017531828054,-0.4287948266211704,0.5547285086665101,0.20222998674381104,0.0675315775727102,0.8244900729830315
1990,mean_free_throws,FT,0.8876593494506393,0.06305154948069783,0.19443277818178062,0.5547285086665101,0.20222998674381104,0.0675315775727102,0.8244900729830315
1990,mean_field_goals_attempts,FGA,0.9102054716406874,0.19412940020978517,0.1270333758744294,0.5547285086665101,0.20222998674381104,0.0675315775727102,0.8244900729830315
1990,mean_field_goals_attempt_3pt,FGA3P,0.32143262820171553,0.8549366872006455,-0.39216214770451896,0.5547285086665101,0.20222998674381104,0.0675315775727102,0.8244900729830315
1990,mean_free_throws_attempts,FTA,0.8969997334969774,-0.022414479580898563,0.1885760625692243,0.5547285086665101,0.20222998674381104,0.0675315775727102,0.8244900729830315
1990,mean_offensive_rebounds,ORB,0.6644185245816275,-0.5528327238921722,-0.16979440110390548,0.5547285086665101,0.20222998674381104,0.0675315775727102,0.8244900729830315
1990,mean_defensive_rebounds,DRB,0.7734801660223803,-0.4465441359998048,-0.2677340778642081,0.5547285086665101,0.20222998674381104,0.0675315775727102,0.8244900729830315
1990,mean_steals,STL,0.6750856534152313,0.28089806752695656,0.17992375273892608,0.5547285086665101,0.20222998674381104,0.0675315775727102,0.8244900729830315
1990,mean_blocks,BLK,0.45164962182770324,-0.559182707646233,-0.44795815978258446,0.5547285086665101,0.20222998674381104,0.0675315775727102,0.8244900729830315
1990,mean_turnovers,TOV,0.8709861677708997,0.12956980909003651,0.21060808801884515,0.5547285086665101,0.20222998674381104,0.0675315775727102,0.8244900729830315
1990,mean_personal_fouls,PF,0.6513185462707022,-0.4432201786187691,-0.22943370675309527,0.5547285086665101,0.20222998674381104,0.0675315775727102,0.8244900729830315
1991,mean_min_played,MP,-0.9371955308149802,0.03729826317504962,-0.024009471112731773,0.5593374397019962,0.21017129759514303,0.06542800599411118,0.8349367432912503
1991,mean_field_goals,FG,-0.9285471257401776,0.10888760144978725,-0.149553964245138,0.5593374397019962,0.21017129759514303,0.06542800599411118,0.8349367432912503
1991,mean_field_goals_3pt,FG3P,-0.33522143090678086,0.8257394725053468,0.43054583195351814,0.5593374397019962,0.21017129759514303,0.06542800599411118,0.8349367432912503
1991,mean_free_throws,FT,-0.8857546725972084,0.08162463151679739,-0.23906417662174503,0.5593374397019962,0.21017129759514303,0.06542800599411118,0.8349367432912503
1991,mean_field_goals_attempts,FGA,-0.9197433435974346,0.17438885832798068,-0.11814445105109805,0.5593374397019962,0.21017129759514303,0.06542800599411118,0.8349367432912503
1991,mean_field_goals_attempt_3pt,FGA3P,-0.3553973323094131,0.8286856923963709,0.4085967911649053,0.5593374397019962,0.21017129759514303,0.06542800599411118,0.8349367432912503
1991,mean_free_throws_attempts,FTA,-0.8993507068578898,0.0007317557592463462,-0.22020001617532858,0.5593374397019962,0.21017129759514303,0.06542800599411118,0.8349367432912503
1991,mean_offensive_rebounds,ORB,-0.5957368417380667,-0.6374259065689506,0.2045639961429098,0.5593374397019962,0.21017129759514303,0.06542800599411118,0.8349367432912503
1991,mean_defensive_rebounds,DRB,-0.736531965563004,-0.510885906059946,0.24433851463522982,0.5593374397019962,0.21017129759514303,0.06542800599411118,0.8349367432912503
1991,mean_steals,STL,-0.7225626441077716,0.3290393930673244,-0.08604391446872829,0.5593374397019962,0.21017129759514303,0.06542800599411118,0.8349367432912503
1991,mean_blocks,BLK,-0.4349848929378004,-0.6055399793300386,0.3930295687936717,0.5593374397019962,0.21017129759514303,0.06542800599411118,0.8349367432912503
1991,mean_turnovers,TOV,-0.887307430760924,0.12182969949894322,-0.19825043671651565,0.5593374397019962,0.21017129759514303,0.06542800599411118,0.8349367432912503
1991,mean_personal_fouls,PF,-0.6759031998008358,-0.395265348414042,0.2301642321926695,0.5593374397019962,0.21017129759514303,0.06542800599411118,0.8349367432912503
1992,mean_min_played,MP,-0.9492100830473079,0.053788036053027725,0.03636744952280067,0.5670860659780077,0.2045020135770248,0.06397344556818313,0.8355615251232156
1992,mean_field_goals,FG,-0.937776112919863,0.12798534273826356,0.05867089424133099,0.5670860659780077,0.2045020135770248,0.06397344556818313,0.8355615251232156
1992,mean_field_goals_3pt,FG3P,-0.3382021905440205,0.8316679385577925,-0.4268068397146325,0.5670860659780077,0.2045020135770248,0.06397344556818313,0.8355615251232156
1992,mean_free_throws,FT,-0.8961715628257794,0.01883555390714178,0.18969357790501343,0.5670860659780077,0.2045020135770248,0.06397344556818313,0.8355615251232156
1992,mean_field_goals_attempts,FGA,-0.9208290655164373,0.21275104911188591,0.0643092674414662,0.5670860659780077,0.2045020135770248,0.06397344556818313,0.8355615251232156
1992,mean_field_goals_attempt_3pt,FGA3P,-0.36775528711019295,0.837587586455599,-0.38627486822061663,0.5670860659780077,0.2045020135770248,0.06397344556818313,0.8355615251232156
1992,mean_free_throws_attempts,FTA,-0.9040653517303885,-0.06083633661322539,0.17710337397566517,0.5670860659780077,0.2045020135770248,0.06397344556818313,0.8355615251232156
1992,mean_offensive_rebounds,ORB,-0.5960614844049371,-0.6284167669037707,-0.2539589099151147,0.5670860659780077,0.2045020135770248,0.06397344556818313,0.8355615251232156
1992,mean_defensive_rebounds,DRB,-0.7343372331403891,-0.5095518011704193,-0.2853787290134816,0.5670860659780077,0.2045020135770248,0.06397344556818313,0.8355615251232156
1992,mean_steals,STL,-0.711086776891693,0.2658477778780881,0.3192563771491715,0.5670860659780077,0.2045020135770248,0.06397344556818313,0.8355615251232156
1992,mean_blocks,BLK,-0.4586203050473835,-0.5791719153895786,-0.33652793726194485,0.5670860659780077,0.2045020135770248,0.06397344556818313,0.8355615251232156
1992,mean_turnovers,TOV,-0.8796096931741579,0.15912576857089972,0.21355781240866284,0.5670860659780077,0.2045020135770248,0.06397344556818313,0.8355615251232156
1992,mean_personal_fouls,PF,-0.6996112499266942,-0.3327500173824426,-0.1315821470642769,0.5670860659780077,0.2045020135770248,0.06397344556818313,0.8355615251232156
1993,mean_min_played,MP,0.9326187567985977,-0.12321186225643732,0.010390938012825434,0.5637954737249953,0.20915065427257207,0.05984590569435662,0.832792033691924
1993,mean_field_goals,FG,0.9305835957688303,-0.1486847529982422,0.049781060212979136,0.5637954737249953,0.20915065427257207,0.05984590569435662,0.832792033691924
1993,mean_field_goals_3pt,FG3P,0.3306137406875003,-0.8498053191021693,-0.39233842111757766,0.5637954737249953,0.20915065427257207,0.05984590569435662,0.832792033691924
1993,mean_free_throws,FT,0.8798185580896061,-0.015694945935766508,0.20371788060599044,0.5637954737249953,0.20915065427257207,0.05984590569435662,0.832792033691924
1993,mean_field_goals_attempts,FGA,0.9215905574300299,-0.22937569570772404,0.03977180395051124,0.5637954737249953,0.20915065427257207,0.05984590569435662,0.832792033691924
1993,mean_field_goals_attempt_3pt,FGA3P,0.3628931571973047,-0.8492262172812979,-0.35852957301707156,0.5637954737249953,0.20915065427257207,0.05984590569435662,0.832792033691924
1993,mean_free_throws_attempts,FTA,0.8945493378011817,0.07620023854672547,0.17226923528273594,0.5637954737249953,0.20915065427257207,0.05984590569435662,0.832792033691924
1993,mean_offensive_rebounds,ORB,0.610789885670647,0.6129107851733139,-0.26880392648673285,0.5637954737249953,0.20915065427257207,0.05984590569435662,0.832792033691924
1993,mean_defensive_rebounds,DRB,0.7518468855004974,0.48828518157693324,-0.2951428036091567,0.5637954737249953,0.20915065427257207,0.05984590569435662,0.832792033691924
1993,mean_steals,STL,0.6827586169821724,-0.3092834980236795,0.33637300669552345,0.5637954737249953,0.20915065427257207,0.05984590569435662,0.832792033691924
1993,mean_blocks,BLK,0.5343893653792073,0.5602660195572454,-0.31118794674290623,0.5637954737249953,0.20915065427257207,0.05984590569435662,0.832792033691924
1993,mean_turnovers,TOV,0.8855519235051436,-0.09940918518795051,0.21864078891965155,0.5637954737249953,0.20915065427257207,0.05984590569435662,0.832792033691924
1993,mean_personal_fouls,PF,0.6743002082536367,0.382271357497573,-0.05499944130891129,0.5637954737249953,0.20915065427257207,0.05984590569435662,0.832792033691924
1994,mean_min_played,MP,0.921883681112293,-0.1595238854640574,0.08273481770482309,0.5495139427319677,0.2181480488375635,0.06530831987356618,0.8329703114430975
1994,mean_field_goals,FG,0.9309115354528864,-0.15601920470531602,-0.09605307172874651,0.5495139427319677,0.2181480488375635,0.06530831987356618,0.8329703114430975
1994,mean_field_goals_3pt,FG3P,0.22640828250288217,-0.8805738968168924,0.34079338161707773,0.5495139427319677,0.2181480488375635,0.06530831987356618,0.8329703114430975
1994,mean_free_throws,FT,0.8660810992399982,-0.003280041683301684,-0.3757918769599711,0.5495139427319677,0.2181480488375635,0.06530831987356618,0.8329703114430975
1994,mean_field_goals_attempts,FGA,0.9122180076398488,-0.27285576998054056,-0.09496018385856991,0.5495139427319677,0.2181480488375635,0.06530831987356618,0.8329703114430975
1994,mean_field_goals_attempt_3pt,FGA3P,0.2540207812178527,-0.8874099039217889,0.32124880152224755,0.5495139427319677,0.2181480488375635,0.06530831987356618,0.8329703114430975
1994,mean_free_throws_attempts,FTA,0.8936961124945662,0.09961885999957315,-0.3152116275383706,0.5495139427319677,0.2181480488375635,0.06530831987356618,0.8329703114430975
1994,mean_offensive_rebounds,ORB,0.633210126553669,0.5860878916149985,0.29801049703484694,0.5495139427319677,0.2181480488375635,0.06530831987356618,0.8329703114430975
1994,mean_defensive_rebounds,DRB,0.77559549670991,0.4485351729920754,0.30620237374823145,0.5495139427319677,0.2181480488375635,0.06530831987356618,0.8329703114430975
1994,mean_steals,STL,0.6498237233206569,-0.3951575613874578,-0.08872596080957892,0.5495139427319677,0.2181480488375635,0.06530831987356618,0.8329703114430975
1994,mean_blocks,BLK,0.5705303798418904,0.5250866330310963,0.1654897960953582,0.5495139427319677,0.2181480488375635,0.06530831987356618,0.8329703114430975
1994,mean_turnovers,TOV,0.8578592652011008,-0.15224017512626134,-0.16764013658378646,0.5495139427319677,0.2181480488375635,0.06530831987356618,0.8329703114430975
1994,mean_personal_fouls,PF,0.6665549719240254,0.37298490665248557,0.34361041700107725,0.5495139427319677,0.2181480488375635,0.06530831987356618,0.8329703114430975
1995,mean_min_played,MP,-0.9371570133544549,-0.12644932311913076,0.10300547924277403,0.5596483442376484,0.22997570588261837,0.06012577501291274,0.8497498251331795
1995,mean_field_goals,FG,-0.9473615246204419,-0.11535134379471323,-0.07629589459637384,0.5596483442376484,0.22997570588261837,0.06012577501291274,0.8497498251331795
1995,mean_field_goals_3pt,FG3P,-0.33710752116221265,-0.8523562294045123,0.3290731563087283,0.5596483442376484,0.22997570588261837,0.06012577501291274,0.8497498251331795
1995,mean_free_throws,FT,-0.8853105779086212,-0.04217533299392804,-0.37835006819479783,0.5596483442376484,0.22997570588261837,0.06012577501291274,0.8497498251331795
1995,mean_field_goals_attempts,FGA,-0.9344712527513866,-0.2268579492961951,-0.05247262639916051,0.5596483442376484,0.22997570588261837,0.06012577501291274,0.8497498251331795
1995,mean_field_goals_attempt_3pt,FGA3P,-0.35195074118424924,-0.8538811429879356,0.31701461332351044,0.5596483442376484,0.22997570588261837,0.06012577501291274,0.8497498251331795
1995,mean_free_throws_attempts,FTA,-0.9042157808629344,0.06615180058061808,-0.3451349059911695,0.5596483442376484,0.22997570588261837,0.06012577501291274,0.8497498251331795
1995,mean_offensive_rebounds,ORB,-0.5696542469710152,0.6737157951678991,0.23259543790927278,0.5596483442376484,0.22997570588261837,0.06012577501291274,0.8497498251331795
1995,mean_defensive_rebounds,DRB,-0.7482753220621003,0.5280521646385724,0.17831880333790012,0.5596483442376484,0.22997570588261837,0.06012577501291274,0.8497498251331795
1995,mean_steals,STL,-0.6765958671957218,-0.36068729264337085,-0.018368885599832407,0.5596483442376484,0.22997570588261837,0.06012577501291274,0.8497498251331795
1995,mean_blocks,BLK,-0.5159570902587859,0.5990008839308874,0.15104448706686263,0.5596483442376484,0.22997570588261837,0.06012577501291274,0.8497498251331795
1995,mean_turnovers,TOV,-0.8730770129617886,-0.14882843192365963,-0.1582814861100204,0.5596483442376484,0.22997570588261837,0.06012577501291274,0.8497498251331795
1995,mean_personal_fouls,PF,-0.6456500200117408,0.45096116294302313,0.39660194959609674,0.5596483442376484,0.22997570588261837,0.06012577501291274,0.8497498251331795
1996,mean_min_played,MP,-0.9359994086554394,0.11575355749693766,0.14812821726730027,0.5675072336398598,0.226294663371611,0.05952617118541996,0.8533280681968907
1996,mean_field_goals,FG,-0.9457300672935851,0.10759586164366697,-0.0695734490132626,0.5675072336398598,0.226294663371611,0.05952617118541996,0.8533280681968907
1996,mean_field_goals_3pt,FG3P,-0.34993989765387334,0.8554046910009867,0.3036215277488323,0.5675072336398598,0.226294663371611,0.05952617118541996,0.8533280681968907
1996,mean_free_throws,FT,-0.8784884100685083,0.03423632357216347,-0.4027730958887543,0.5675072336398598,0.226294663371611,0.05952617118541996,0.8533280681968907
1996,mean_field_goals_attempts,FGA,-0.9373514356185523,0.21335325492409163,-0.04411332791641493,0.5675072336398598,0.226294663371611,0.05952617118541996,0.8533280681968907
1996,mean_field_goals_attempt_3pt,FGA3P,-0.3643831486451406,0.8620184066426823,0.2798359406919554,0.5675072336398598,0.226294663371611,0.05952617118541996,0.8533280681968907
1996,mean_free_throws_attempts,FTA,-0.8902550165180161,-0.06131500683617382,-0.38082746908914494,0.5675072336398598,0.226294663371611,0.05952617118541996,0.8533280681968907
1996,mean_offensive_rebounds,ORB,-0.5869117278142284,-0.6602318497346813,0.19734035312895631,0.5675072336398598,0.226294663371611,0.05952617118541996,0.8533280681968907
1996,mean_defensive_rebounds,DRB,-0.7757835974596072,-0.5111524979127806,0.16912748899066082,0.5675072336398598,0.226294663371611,0.05952617118541996,0.8533280681968907
1996,mean_steals,STL,-0.7027726519929581,0.37514143383741344,0.013353192608875885,0.5675072336398598,0.226294663371611,0.05952617118541996,0.8533280681968907
1996,mean_blocks,BLK,-0.4701803020641032,-0.6329699023504144,0.24962933761145192,0.5675072336398598,0.226294663371611,0.05952617118541996,0.8533280681968907
1996,mean_turnovers,TOV,-0.8780089756499364,0.09272818638920492,-0.16897265799394715,0.5675072336398598,0.226294663371611,0.05952617118541996,0.8533280681968907
1996,mean_personal_fouls,PF,-0.6904874609545141,-0.3800621021559395,0.3298025117369466,0.5675072336398598,0.226294663371611,0.05952617118541996,0.8533280681968907
1997,mean_min_played,MP,-0.9401797232351935,0.1399864503819095,-0.1527208874308401,0.5841248003204207,0.226348892681173,0.056038752700021184,0.8665124457016149
1997,mean_field_goals,FG,-0.951363149547264,0.09808003339341251,0.08976737999518898,0.5841248003204207,0.226348892681173,0.056038752700021184,0.8665124457016149
1997,mean_field_goals_3pt,FG3P,-0.3412759198372777,0.8732127178269153,-0.24381322281852463,0.5841248003204207,0.226348892681173,0.056038752700021184,0.8665124457016149
1997,mean_free_throws,FT,-0.8904361337170381,0.03875714100951405,0.40441505573252134,0.5841248003204207,0.226348892681173,0.056038752700021184,0.8665124457016149
1997,mean_field_goals_attempts,FGA,-0.9409970996871015,0.20218341105962026,0.06670322804127528,0.5841248003204207,0.226348892681173,0.056038752700021184,0.8665124457016149
1997,mean_field_goals_attempt_3pt,FGA3P,-0.352164250415152,0.8783505616522496,-0.230863096708795,0.5841248003204207,0.226348892681173,0.056038752700021184,0.8665124457016149
1997,mean_free_throws_attempts,FTA,-0.9044283743618413,-0.07021023945096035,0.3679767410017753,0.5841248003204207,0.226348892681173,0.056038752700021184,0.8665124457016149
1997,mean_offensive_rebounds,ORB,-0.6192034677523083,-0.6474337319259317,-0.2101999720399962,0.5841248003204207,0.226348892681173,0.056038752700021184,0.8665124457016149
1997,mean_defensive_rebounds,DRB,-0.7821551063602477,-0.4700529267193224,-0.18370605909893653,0.5841248003204207,0.226348892681173,0.056038752700021184,0.8665124457016149
1997,mean_steals,STL,-0.6958260392885376,0.4036176611038385,-0.1605713376212615,0.5841248003204207,0.226348892681173,0.056038752700021184,0.8665124457016149
1997,mean_blocks,BLK,-0.4948743784957549,-0.6071264754912252,-0.21837194569669877,0.5841248003204207,0.226348892681173,0.056038752700021184,0.8665124457016149
1997,mean_turnovers,TOV,-0.8957729499899588,0.09099932677686937,0.20118497788485187,0.5841248003204207,0.226348892681173,0.056038752700021184,0.8665124457016149
1997,mean_personal_fouls,PF,-0.7355934697077621,-0.3899986900618666,-0.29848741243322297,0.5841248003204207,0.226348892681173,0.056038752700021184,0.8665124457016149
1998,mean_min_played,MP,-0.9316410514420146,-0.16067056136347935,-0.11116036680838066,0.5574482085899021,0.2178687175147286,0.06341576960378648,0.8387326957084171
1998,mean_field_goals,FG,-0.9445843800268855,-0.13365719976489318,0.06957459086342667,0.5574482085899021,0.2178687175147286,0.06341576960378648,0.8387326957084171
1998,mean_field_goals_3pt,FG3P,-0.24339890811159715,-0.8856279421680288,-0.30854117068150566,0.5574482085899021,0.2178687175147286,0.06341576960378648,0.8387326957084171
1998,mean_free_throws,FT,-0.87539105834086,-0.01917237139463138,0.39152813353107085,0.5574482085899021,0.2178687175147286,0.06341576960378648,0.8387326957084171
1998,mean_field_goals_attempts,FGA,-0.9322025257514993,-0.23057079303661024,0.06369555871615859,0.5574482085899021,0.2178687175147286,0.06341576960378648,0.8387326957084171
1998,mean_field_goals_attempt_3pt,FGA3P,-0.2777919737856632,-0.8917265868135532,-0.28046405049864653,0.5574482085899021,0.2178687175147286,0.06341576960378648,0.8387326957084171
1998,mean_free_throws_attempts,FTA,-0.8921838635696422,0.07677807545138551,0.3559983099395416,0.5574482085899021,0.2178687175147286,0.06341576960378648,0.8387326957084171
1998,mean_offensive_rebounds,ORB,-0.597870577173008,0.6294658791638644,-0.2735256457603862,0.5574482085899021,0.2178687175147286,0.06341576960378648,0.8387326957084171
1998,mean_defensive_rebounds,DRB,-0.7702431211493903,0.43169682971066714,-0.24776179399170495,0.5574482085899021,0.2178687175147286,0.06341576960378648,0.8387326957084171
1998,mean_steals,STL,-0.6628874637306863,-0.3495919877075298,-0.06944380817412292,0.5574482085899021,0.2178687175147286,0.06341576960378648,0.8387326957084171
1998,mean_blocks,BLK,-0.496569024515134,0.5514129796693187,-0.2935424041299821,0.5574482085899021,0.2178687175147286,0.06341576960378648,0.8387326957084171
1998,mean_turnovers,TOV,-0.8762455330316733,-0.11851638515919373,0.23289903763330358,0.5574482085899021,0.2178687175147286,0.06341576960378648,0.8387326957084171
1998,mean_personal_fouls,PF,-0.7172077730737104,0.35604654063223173,-0.2604420923261865,0.5574482085899021,0.2178687175147286,0.06341576960378648,0.8387326957084171
1999,mean_min_played,MP,0.9202436086354976,-0.23777214138528552,-0.08489399711111856,0.5712127570328716,0.21320902163475702,0.06179211906150517,0.8462138977291338
1999,mean_field_goals,FG,0.9436535728499161,-0.11966088538699717,0.061652011315658097,0.5712127570328716,0.21320902163475702,0.06179211906150517,0.8462138977291338
1999,mean_field_goals_3pt,FG3P,0.193635455203069,-0.899547194701907,-0.3181256759486674,0.5712127570328716,0.21320902163475702,0.06179211906150517,0.8462138977291338
1999,mean_free_throws,FT,0.8700012614466638,0.01910307461916845,0.37008172186237726,0.5712127570328716,0.21320902163475702,0.06179211906150517,0.8462138977291338
1999,mean_field_goals_attempts,FGA,0.9249847473763255,-0.22872933195433942,0.07079450596403307,0.5712127570328716,0.21320902163475702,0.06179211906150517,0.8462138977291338
1999,mean_field_goals_attempt_3pt,FGA3P,0.2126205368332439,-0.9185556673072602,-0.26078554861500264,0.5712127570328716,0.21320902163475702,0.06179211906150517,0.8462138977291338
1999,mean_free_throws_attempts,FTA,0.893900875607123,0.11492181691184465,0.31006869982999036,0.5712127570328716,0.21320902163475702,0.06179211906150517,0.8462138977291338
1999,mean_offensive_rebounds,ORB,0.6517297891199633,0.5837733913891819,-0.25856404989736625,0.5712127570328716,0.21320902163475702,0.06179211906150517,0.8462138977291338
1999,mean_defensive_rebounds,DRB,0.845022513586207,0.3407629045032546,-0.2081867113994672,0.5712127570328716,0.21320902163475702,0.06179211906150517,0.8462138977291338
1999,mean_steals,STL,0.6713545719729954,-0.35085441960407293,0.059637710734898756,0.5712127570328716,0.21320902163475702,0.06179211906150517,0.8462138977291338
1999,mean_blocks,BLK,0.5688837425665247,0.5220090801313239,-0.3583548820419501,0.5712127570328716,0.21320902163475702,0.06179211906150517,0.8462138977291338
1999,mean_turnovers,TOV,0.8770304089057324,-0.18116608535981632,0.22534777311033338,0.5712127570328716,0.21320902163475702,0.06179211906150517,0.8462138977291338
1999,mean_personal_fouls,PF,0.7154248826619549,0.3109984739272142,-0.30332824690681576,0.5712127570328716,0.21320902163475702,0.06179211906150517,0.8462138977291338
2000,mean_min_played,MP,-0.9318850482126652,-0.17566581347256946,0.08698639314644672,0.5758293642786239,0.21823621831447282,0.059032791994728044,0.8530983745878247
2000,mean_field_goals,FG,-0.9438208112067488,-0.1060049702452683,-0.11191021510160887,0.5758293642786239,0.21823621831447282,0.059032791994728044,0.8530983745878247
2000,mean_field_goals_3pt,FG3P,-0.27690473732704174,-0.876122787627645,0.34114607545887954,0.5758293642786239,0.21823621831447282,0.059032791994728044,0.8530983745878247
2000,mean_free_throws,FT,-0.9003870143565518,-0.0022682260027201704,-0.29980164766811307,0.5758293642786239,0.21823621831447282,0.059032791994728044,0.8530983745878247
2000,mean_field_goals_attempts,FGA,-0.9299292410070632,-0.21508052294707775,-0.11907093150000676,0.5758293642786239,0.21823621831447282,0.059032791994728044,0.8530983745878247
2000,mean_field_goals_attempt_3pt,FGA3P,-0.2911642527561773,-0.886137912791134,0.2979669416740864,0.5758293642786239,0.21823621831447282,0.059032791994728044,0.8530983745878247
2000,mean_free_throws_attempts,FTA,-0.909328595862272,0.09511381607769577,-0.27444867678551405,0.5758293642786239,0.21823621831447282,0.059032791994728044,0.8530983745878247
2000,mean_offensive_rebounds,ORB,-0.6165703048414712,0.6454557161269074,0.18555043828220527,0.5758293642786239,0.21823621831447282,0.059032791994728044,0.8530983745878247
2000,mean_defensive_rebounds,DRB,-0.8125653235591521,0.37930512206816475,0.26805672379106016,0.5758293642786239,0.21823621831447282,0.059032791994728044,0.8530983745878247
2000,mean_steals,STL,-0.6735820096408915,-0.3773991143916901,-0.04742144129540178,0.5758293642786239,0.21823621831447282,0.059032791994728044,0.8530983745878247
2000,mean_blocks,BLK,-0.5268748778355864,0.5979632649545341,0.3277588586414129,0.5758293642786239,0.21823621831447282,0.059032791994728044,0.8530983745878247
2000,mean_turnovers,TOV,-0.8779428630371027,-0.13987838080793455,-0.24283739130588622,0.5758293642786239,0.21823621831447282,0.059032791994728044,0.8530983745878247
2000,mean_personal_fouls,PF,-0.7212925008995088,0.3267885805054111,0.2964149113253444,0.5758293642786239,0.21823621831447282,0.059032791994728044,0.8530983745878247
2001,mean_min_played,MP,0.9399980449554408,0.12837382342126813,0.12391205628395792,0.583541152406706,0.2203089399551089,0.05656212815963233,0.8604122205214473
2001,mean_field_goals,FG,0.9450274789112412,0.10651618204707164,-0.148557477363167,0.583541152406706,0.2203089399551089,0.05656212815963233,0.8604122205214473
2001,mean_field_goals_3pt,FG3P,0.40970637862479203,0.8103200978074755,0.3359225875808402,0.583541152406706,0.2203089399551089,0.05656212815963233,0.8604122205214473
2001,mean_free_throws,FT,0.9044986180748406,0.01718466350674781,-0.32342665674143345,0.583541152406706,0.2203089399551089,0.05656212815963233,0.8604122205214473
2001,mean_field_goals_attempts,FGA,0.9362615366597539,0.19408101062943395,-0.14165993861990447,0.583541152406706,0.2203089399551089,0.05656212815963233,0.8604122205214473
2001,mean_field_goals_attempt_3pt,FGA3P,0.43575938871908904,0.8166077772768628,0.306727900191347,0.583541152406706,0.2203089399551089,0.05656212815963233,0.8604122205214473
2001,mean_free_throws_attempts,FTA,0.9005914882589375,-0.10285768866150152,-0.3122795769225665,0.583541152406706,0.2203089399551089,0.05656212815963233,0.8604122205214473
2001,mean_offensive_rebounds,ORB,0.567263971772801,-0.7122639649923376,0.16308246245288077,0.583541152406706,0.2203089399551089,0.05656212815963233,0.8604122205214473
2001,mean_defensive_rebounds,DRB,0.7784928157929422,-0.47034682469670736,0.21969870946282608,0.583541152406706,0.2203089399551089,0.05656212815963233,0.8604122205214473
2001,mean_steals,STL,0.7153750481972301,0.3176428675937295,0.03350489013647965,0.583541152406706,0.2203089399551089,0.05656212815963233,0.8604122205214473
2001,mean_blocks,BLK,0.48400299885057607,-0.6956301184418565,0.25330073804082326,0.583541152406706,0.2203089399551089,0.05656212815963233,0.8604122205214473
2001,mean_turnovers,TOV,0.885758392169074,0.135460824597873,-0.1863110169602306,0.583541152406706,0.2203089399551089,0.05656212815963233,0.8604122205214473
2001,mean_personal_fouls,PF,0.6981546718204601,-0.3639880852571671,0.30644449895626413,0.583541152406706,0.2203089399551089,0.05656212815963233,0.8604122205214473
2002,mean_min_played,MP,-0.9389021683447403,0.11446935047312395,0.0937199590440707,0.5727408201327933,0.21087649293317923,0.06827435733126971,0.8518916703972422
2002,mean_field_goals,FG,-0.9438116964720955,0.12680282365737464,-0.11560684263080068,0.5727408201327933,0.21087649293317923,0.06827435733126971,0.8518916703972422
2002,mean_field_goals_3pt,FG3P,-0.4179370513193743,0.7949032776593237,0.3775773713550275,0.5727408201327933,0.21087649293317923,0.06827435733126971,0.8518916703972422
2002,mean_free_throws,FT,-0.8829065211361119,-0.03362254867425318,-0.3731403132371469,0.5727408201327933,0.21087649293317923,0.06827435733126971,0.8518916703972422
2002,mean_field_goals_attempts,FGA,-0.93446113485641,0.22006555206927864,-0.11031906190141307,0.5727408201327933,0.21087649293317923,0.06827435733126971,0.8518916703972422
2002,mean_field_goals_attempt_3pt,FGA3P,-0.43831001248157425,0.8078681767645465,0.34248796965783734,0.5727408201327933,0.21087649293317923,0.06827435733126971,0.8518916703972422
2002,mean_free_throws_attempts,FTA,-0.8875027887710426,-0.12722597246264086,-0.3411020178127204,0.5727408201327933,0.21087649293317923,0.06827435733126971,0.8518916703972422
2002,mean_offensive_rebounds,ORB,-0.5432233869117439,-0.7189472445659261,0.2085863655408435,0.5727408201327933,0.21087649293317923,0.06827435733126971,0.8518916703972422
2002,mean_defensive_rebounds,DRB,-0.7887526267268832,-0.4384843235093081,0.2046527919055531,0.5727408201327933,0.21087649293317923,0.06827435733126971,0.8518916703972422
2002,mean_steals,STL,-0.7012823486050359,0.2940510226584526,-0.0013812355230451523,0.5727408201327933,0.21087649293317923,0.06827435733126971,0.8518916703972422
2002,mean_blocks,BLK,-0.46160927560364434,-0.6201348488347873,0.3565111022342764,0.5727408201327933,0.21087649293317923,0.06827435733126971,0.8518916703972422
2002,mean_turnovers,TOV,-0.8881873369562961,0.1285465234906031,-0.20681047090528734,0.5727408201327933,0.21087649293317923,0.06827435733126971,0.8518916703972422
2002,mean_personal_fouls,PF,-0.6746435521271614,-0.4064888081214863,0.2872931162329805,0.5727408201327933,0.21087649293317923,0.06827435733126971,0.8518916703972422
2003,mean_min_played,MP,-0.9488536555300067,-0.06914796520461959,0.10901585165568672,0.5977856229233288,0.20649631502499544,0.061468334898141117,0.8657502728464653
2003,mean_field_goals,FG,-0.9563430157849132,-0.09795700307562576,-0.08557035475054556,0.5977856229233288,0.20649631502499544,0.061468334898141117,0.8657502728464653
2003,mean_field_goals_3pt,FG3P,-0.5130841199125497,-0.7522394641514891,0.3613970260114832,0.5977856229233288,0.20649631502499544,0.061468334898141117,0.8657502728464653
2003,mean_free_throws,FT,-0.887872345017729,0.004059664461885413,-0.3728840600183739,0.5977856229233288,0.20649631502499544,0.061468334898141117,0.8657502728464653
2003,mean_field_goals_attempts,FGA,-0.9463900399281571,-0.18849381442976762,-0.08591522923664745,0.5977856229233288,0.20649631502499544,0.061468334898141117,0.8657502728464653
2003,mean_field_goals_attempt_3pt,FGA3P,-0.5240964736037504,-0.7627760489742282,0.32885038154279733,0.5977856229233288,0.20649631502499544,0.061468334898141117,0.8657502728464653
2003,mean_free_throws_attempts,FTA,-0.8959625798151164,0.08391507187527752,-0.36099162486212216,0.5977856229233288,0.20649631502499544,0.061468334898141117,0.8657502728464653
2003,mean_offensive_rebounds,ORB,-0.5262253835684528,0.7535226344476936,0.16266821941370044,0.5977856229233288,0.20649631502499544,0.061468334898141117,0.8657502728464653
2003,mean_defensive_rebounds,DRB,-0.7934444771102626,0.45177483837777255,0.17134493200659945,0.5977856229233288,0.20649631502499544,0.061468334898141117,0.8657502728464653
2003,mean_steals,STL,-0.7577667637076185,-0.2263909157297317,0.01797427874318033,0.5977856229233288,0.20649631502499544,0.061468334898141117,0.8657502728464653
2003,mean_blocks,BLK,-0.41351676989756214,0.7117290463986713,0.31589311931113945,0.5977856229233288,0.20649631502499544,0.061468334898141117,0.8657502728464653
2003,mean_turnovers,TOV,-0.8861896141411137,-0.10715410091345803,-0.2111482868950931,0.5977856229233288,0.20649631502499544,0.061468334898141117,0.8657502728464653
2003,mean_personal_fouls,PF,-0.7033058948293401,0.3722975697648245,0.25273930112819415,0.5977856229233288,0.20649631502499544,0.061468334898141117,0.8657502728464653
2004,mean_min_played,MP,-0.9469751209929117,-0.08562228551093963,-0.0730717091676703,0.59336934602959,0.2141086871731144,0.057227908135497475,0.8647059413382019
2004,mean_field_goals,FG,-0.9519021362198088,-0.0886568990824935,0.07118552482050124,0.59336934602959,0.2141086871731144,0.057227908135497475,0.8647059413382019
2004,mean_field_goals_3pt,FG3P,-0.4714770786650552,-0.7887196473637712,-0.32952495220287575,0.59336934602959,0.2141086871731144,0.057227908135497475,0.8647059413382019
2004,mean_free_throws,FT,-0.8930590382071868,0.050430900445932916,0.351090990125979,0.59336934602959,0.2141086871731144,0.057227908135497475,0.8647059413382019
2004,mean_field_goals_attempts,FGA,-0.940978842282676,-0.18972476757007162,0.07498336602331351,0.59336934602959,0.2141086871731144,0.057227908135497475,0.8647059413382019
2004,mean_field_goals_attempt_3pt,FGA3P,-0.49789565596312624,-0.792717864139857,-0.29538255109701494,0.59336934602959,0.2141086871731144,0.057227908135497475,0.8647059413382019
2004,mean_free_throws_attempts,FTA,-0.8980759645100119,0.12675725295631657,0.33357226397247214,0.59336934602959,0.2141086871731144,0.057227908135497475,0.8647059413382019
2004,mean_offensive_rebounds,ORB,-0.5389721160451683,0.7395351644763092,-0.15365325463856647,0.59336934602959,0.2141086871731144,0.057227908135497475,0.8647059413382019
2004,mean_defensive_rebounds,DRB,-0.7918876302790118,0.4593791549274709,-0.2315389142386371,0.59336934602959,0.2141086871731144,0.057227908135497475,0.8647059413382019
2004,mean_steals,STL,-0.7424527433102592,-0.32534655570789944,-0.05791458781974973,0.59336934602959,0.2141086871731144,0.057227908135497475,0.8647059413382019
2004,mean_blocks,BLK,-0.44415040418914925,0.672954314306354,-0.3787204874472612,0.59336934602959,0.2141086871731144,0.057227908135497475,0.8647059413382019
2004,mean_turnovers,TOV,-0.8878608444455828,-0.1355066008608357,0.22732410284342006,0.59336934602959,0.2141086871731144,0.057227908135497475,0.8647059413382019
2004,mean_personal_fouls,PF,-0.7048515154278828,0.35792996007425765,-0.14792368439285955,0.59336934602959,0.2141086871731144,0.057227908135497475,0.8647059413382019
2005,mean_min_played,MP,-0.942812788315355,-0.10973032981221086,-0.0949523014120632,0.5740958412659979,0.21091913776608762,0.06936591205134093,0.8543808910834264
2005,mean_field_goals,FG,-0.9522956110935443,-0.09929440518033045,0.04930532144190837,0.5740958412659979,0.21091913776608762,0.06936591205134093,0.8543808910834264
2005,mean_field_goals_3pt,FG3P,-0.3985387945655978,-0.811007819773984,-0.39889002183702515,0.5740958412659979,0.21091913776608762,0.06936591205134093,0.8543808910834264
2005,mean_free_throws,FT,-0.8884281886239949,0.017330005567023167,0.330603262914922,0.5740958412659979,0.21091913776608762,0.06936591205134093,0.8543808910834264
2005,mean_field_goals_attempts,FGA,-0.9417575390904854,-0.2057841787684208,0.04265540043817306,0.5740958412659979,0.21091913776608762,0.06936591205134093,0.8543808910834264
2005,mean_field_goals_attempt_3pt,FGA3P,-0.4197335002094934,-0.8215042309747153,-0.35274986616353404,0.5740958412659979,0.21091913776608762,0.06936591205134093,0.8543808910834264
2005,mean_free_throws_attempts,FTA,-0.9003333109494319,0.09722694988057631,0.3043249028899217,0.5740958412659979,0.21091913776608762,0.06936591205134093,0.8543808910834264
2005,mean_offensive_rebounds,ORB,-0.5104480373546436,0.7324152194558501,-0.25398519819317406,0.5740958412659979,0.21091913776608762,0.06936591205134093,0.8543808910834264
2005,mean_defensive_rebounds,DRB,-0.7790267782672814,0.4168748958250166,-0.3205290256056756,0.5740958412659979,0.21091913776608762,0.06936591205134093,0.8543808910834264
2005,mean_steals,STL,-0.734702990949696,-0.2596501047000316,0.12995783022698426,0.5740958412659979,0.21091913776608762,0.06936591205134093,0.8543808910834264
2005,mean_blocks,BLK,-0.434249551444313,0.651497677569421,-0.3368035692452263,0.5740958412659979,0.21091913776608762,0.06936591205134093,0.8543808910834264
2005,mean_turnovers,TOV,-0.8788914847838183,-0.08923953816815053,0.2976377531252888,0.5740958412659979,0.21091913776608762,0.06936591205134093,0.8543808910834264
2005,mean_personal_fouls,PF,-0.6909488911809517,0.35397375050384877,-0.12988951655317507,0.5740958412659979,0.21091913776608762,0.06936591205134093,0.8543808910834264
2006,mean_min_played,MP,0.9455740849340226,0.05483109556940583,0.09539693627896757,0.577423610340423,0.20078680819170655,0.07399650858935176,0.8522069271214814
2006,mean_field_goals,FG,0.9493789100806825,0.08970690203335727,-0.10038985418116367,0.577423610340423,0.20078680819170655,0.07399650858935176,0.8522069271214814
2006,mean_field_goals_3pt,FG3P,0.4652614024835962,0.7612573279926824,0.41658139529764354,0.577423610340423,0.20078680819170655,0.07399650858935176,0.8522069271214814
2006,mean_free_throws,FT,0.8840294590987174,0.028211051337970115,-0.3772361929330152,0.577423610340423,0.20078680819170655,0.07399650858935176,0.8522069271214814
2006,mean_field_goals_attempts,FGA,0.9425598184228972,0.19051009514977008,-0.08936126119590267,0.577423610340423,0.20078680819170655,0.07399650858935176,0.8522069271214814
2006,mean_field_goals_attempt_3pt,FGA3P,0.4822949869411334,0.7680390783522278,0.38300249974070233,0.577423610340423,0.20078680819170655,0.07399650858935176,0.8522069271214814
2006,mean_free_throws_attempts,FTA,0.8934640728269204,-0.051110314888224526,-0.36536295546752334,0.577423610340423,0.20078680819170655,0.07399650858935176,0.8522069271214814
2006,mean_offensive_rebounds,ORB,0.4767407691359897,-0.7685994996685125,0.2027427220633454,0.577423610340423,0.20078680819170655,0.07399650858935176,0.8522069271214814
2006,mean_defensive_rebounds,DRB,0.7622654293440511,-0.4618663170670584,0.25365571353769084,0.577423610340423,0.20078680819170655,0.07399650858935176,0.8522069271214814
2006,mean_steals,STL,0.7478397774008445,0.16644461827389198,-0.04371731331960204,0.577423610340423,0.20078680819170655,0.07399650858935176,0.8522069271214814
2006,mean_blocks,BLK,0.40259920672738303,-0.6683749600262028,0.3126804870660966,0.577423610340423,0.20078680819170655,0.07399650858935176,0.8522069271214814
2006,mean_turnovers,TOV,0.8901194760512657,0.07449196695254705,-0.2320164050951993,0.577423610340423,0.20078680819170655,0.07399650858935176,0.8522069271214814
2006,mean_personal_fouls,PF,0.6868777298495164,-0.32562574039160147,0.282496964786811,0.577423610340423,0.20078680819170655,0.07399650858935176,0.8522069271214814
2007,mean_min_played,MP,0.9368024091498766,-0.09022816351105765,-0.11216949573383475,0.5642101578792086,0.21873169257740288,0.07011327707377317,0.8530551275303846
2007,mean_field_goals,FG,0.9537957897487825,-0.1206244796669936,0.050460354603725624,0.5642101578792086,0.21873169257740288,0.07011327707377317,0.8530551275303846
2007,mean_field_goals_3pt,FG3P,0.383042381263015,-0.8133837824113046,-0.41231498141273676,0.5642101578792086,0.21873169257740288,0.07011327707377317,0.8530551275303846
2007,mean_free_throws,FT,0.8870376743814222,-0.05735808467345763,0.34578035797022777,0.5642101578792086,0.21873169257740288,0.07011327707377317,0.8530551275303846
2007,mean_field_goals_attempts,FGA,0.9379264961336709,-0.2399477057311699,0.03547532011651785,0.5642101578792086,0.21873169257740288,0.07011327707377317,0.8530551275303846
2007,mean_field_goals_attempt_3pt,FGA3P,0.40012798061568805,-0.8235782740224525,-0.3724898168022719,0.5642101578792086,0.21873169257740288,0.07011327707377317,0.8530551275303846
2007,mean_free_throws_attempts,FTA,0.9024887984072586,0.03524214558473446,0.32263402494316473,0.5642101578792086,0.21873169257740288,0.07011327707377317,0.8530551275303846
2007,mean_offensive_rebounds,ORB,0.5104500187518772,0.7420229452980613,-0.2239607645481416,0.5642101578792086,0.21873169257740288,0.07011327707377317,0.8530551275303846
2007,mean_defensive_rebounds,DRB,0.7697362802948784,0.46777748774707373,-0.26688988896854454,0.5642101578792086,0.21873169257740288,0.07011327707377317,0.8530551275303846
2007,mean_steals,STL,0.6947748475817912,-0.21780337137675476,0.16950564724040568,0.5642101578792086,0.21873169257740288,0.07011327707377317,0.8530551275303846
2007,mean_blocks,BLK,0.4172452393599951,0.6775766339659806,-0.28619489328055603,0.5642101578792086,0.21873169257740288,0.07011327707377317,0.8530551275303846
2007,mean_turnovers,TOV,0.8957839364798904,-0.04099575697008081,0.25311154531845215,0.5642101578792086,0.21873169257740288,0.07011327707377317,0.8530551275303846
2007,mean_personal_fouls,PF,0.6687804885824081,0.3757612551070909,-0.2580368390047462,0.5642101578792086,0.21873169257740288,0.07011327707377317,0.8530551275303846
2008,mean_min_played,MP,0.9385578626201627,-0.10032835828811158,0.11850142216225037,0.5678597382148013,0.2211162092943708,0.07118874542388934,0.8601646929330614
2008,mean_field_goals,FG,0.9499818296945993,-0.1058015537983511,-0.09630249774775124,0.5678597382148013,0.2211162092943708,0.07118874542388934,0.8601646929330614
2008,mean_field_goals_3pt,FG3P,0.3767743444210763,-0.8154303758298542,0.39188206534820214,0.5678597382148013,0.2211162092943708,0.07118874542388934,0.8601646929330614
2008,mean_free_throws,FT,0.878296610214123,-0.03753671995333281,-0.37847724468476596,0.5678597382148013,0.2211162092943708,0.07118874542388934,0.8601646929330614
2008,mean_field_goals_attempts,FGA,0.9368130611499481,-0.21912702160858485,-0.07070843624789881,0.5678597382148013,0.2211162092943708,0.07118874542388934,0.8601646929330614
2008,mean_field_goals_attempt_3pt,FGA3P,0.3945883447719873,-0.8248182109457377,0.3588257771305668,0.5678597382148013,0.2211162092943708,0.07118874542388934,0.8601646929330614
2008,mean_free_throws_attempts,FTA,0.8832056311848484,0.03852840652844942,-0.37281886658126345,0.5678597382148013,0.2211162092943708,0.07118874542388934,0.8601646929330614
2008,mean_offensive_rebounds,ORB,0.5019932709020369,0.7567540469331414,0.1908138297420422,0.5678597382148013,0.2211162092943708,0.07118874542388934,0.8601646929330614
2008,mean_defensive_rebounds,DRB,0.7705530436541342,0.48256357661636307,0.25378583786616254,0.5678597382148013,0.2211162092943708,0.07118874542388934,0.8601646929330614
2008,mean_steals,STL,0.73674815355855,-0.2459028652919269,-0.06907703293750092,0.5678597382148013,0.2211162092943708,0.07118874542388934,0.8601646929330614
2008,mean_blocks,BLK,0.46369882378403987,0.676206306456668,0.26059664441693636,0.5678597382148013,0.2211162092943708,0.07118874542388934,0.8601646929330614
2008,mean_turnovers,TOV,0.8789513351019309,-0.11139731696881959,-0.20736486932316972,0.5678597382148013,0.2211162092943708,0.07118874542388934,0.8601646929330614
2008,mean_personal_fouls,PF,0.7042488399404769,0.3484426140295621,0.34069226615302406,0.5678597382148013,0.2211162092943708,0.07118874542388934,0.8601646929330614
2009,mean_min_played,MP,0.9390625214775743,-0.12322349752309908,0.10632915819350282,0.5571579759296966,0.22548576452046015,0.07009392254801161,0.8527376629981683
2009,mean_field_goals,FG,0.9498317476673289,-0.07603202969936042,-0.07128117702954036,0.5571579759296966,0.22548576452046015,0.07009392254801161,0.8527376629981683
2009,mean_field_goals_3pt,FG3P,0.4065923317682859,-0.7965699002571259,0.4102369163425314,0.5571579759296966,0.22548576452046015,0.07009392254801161,0.8527376629981683
2009,mean_free_throws,FT,0.8855462588185444,-0.016674070447556127,-0.3424281985500925,0.5571579759296966,0.22548576452046015,0.07009392254801161,0.8527376629981683
2009,mean_field_goals_attempts,FGA,0.9371145772355356,-0.20384883670372697,-0.06315392943432876,0.5571579759296966,0.22548576452046015,0.07009392254801161,0.8527376629981683
2009,mean_field_goals_attempt_3pt,FGA3P,0.4200408413604347,-0.8117395504446561,0.36453633575197636,0.5571579759296966,0.22548576452046015,0.07009392254801161,0.8527376629981683
2009,mean_free_throws_attempts,FTA,0.8851722929787671,0.06821888563197658,-0.3364074074436237,0.5571579759296966,0.22548576452046015,0.07009392254801161,0.8527376629981683
2009,mean_offensive_rebounds,ORB,0.4450806248863716,0.7934289434102131,0.16254987011874086,0.5571579759296966,0.22548576452046015,0.07009392254801161,0.8527376629981683
2009,mean_defensive_rebounds,DRB,0.7614831371262135,0.46063564845097926,0.2640391849943243,0.5571579759296966,0.22548576452046015,0.07009392254801161,0.8527376629981683
2009,mean_steals,STL,0.720483309835351,-0.24919691977993066,-0.1388323935054535,0.5571579759296966,0.22548576452046015,0.07009392254801161,0.8527376629981683
2009,mean_blocks,BLK,0.40036021520957643,0.7058943859612461,0.2732661736201812,0.5571579759296966,0.22548576452046015,0.07009392254801161,0.8527376629981683
2009,mean_turnovers,TOV,0.8803590872702184,-0.08489707689631398,-0.2285512894769333,0.5571579759296966,0.22548576452046015,0.07009392254801161,0.8527376629981683
2009,mean_personal_fouls,PF,0.6625763621498472,0.4013862907907278,0.3419267716050712,0.5571579759296966,0.22548576452046015,0.07009392254801161,0.8527376629981683
2010,mean_min_played,MP,0.9339018185132585,-0.13003365875678835,0.13945148834987878,0.5570823187053019,0.2264243011151458,0.07265430889453804,0.8561609287149857
2010,mean_field_goals,FG,0.9491989045763852,-0.08682895523686254,-0.10402980646754144,0.5570823187053019,0.2264243011151458,0.07265430889453804,0.8561609287149857
2010,mean_field_goals_3pt,FG3P,0.31871789693337493,-0.8387324142518626,0.38711241153746123,0.5570823187053019,0.2264243011151458,0.07265430889453804,0.8561609287149857
2010,mean_free_throws,FT,0.8711694521345758,-0.026892045558577788,-0.3800292858975485,0.5570823187053019,0.2264243011151458,0.07265430889453804,0.8561609287149857
2010,mean_field_goals_attempts,FGA,0.932306715010491,-0.22007702659333497,-0.09601285532070133,0.5570823187053019,0.2264243011151458,0.07265430889453804,0.8561609287149857
2010,mean_field_goals_attempt_3pt,FGA3P,0.33997513651586214,-0.8513896119227566,0.3442311158105288,0.5570823187053019,0.2264243011151458,0.07265430889453804,0.8561609287149857
2010,mean_free_throws_attempts,FTA,0.8834495228214339,0.06021268301823941,-0.35691934215379645,0.5570823187053019,0.2264243011151458,0.07265430889453804,0.8561609287149857
2010,mean_offensive_rebounds,ORB,0.5168587478638625,0.75419509838446,0.19831997804767168,0.5570823187053019,0.2264243011151458,0.07265430889453804,0.8561609287149857
2010,mean_defensive_rebounds,DRB,0.774391909695001,0.4330483953494862,0.2790914303535177,0.5570823187053019,0.2264243011151458,0.07265430889453804,0.8561609287149857
2010,mean_steals,STL,0.7242480563024023,-0.31400362652760894,-0.0073502275208193555,0.5570823187053019,0.2264243011151458,0.07265430889453804,0.8561609287149857
2010,mean_blocks,BLK,0.4616576969876419,0.6734664057663773,0.31558572645292754,0.5570823187053019,0.2264243011151458,0.07265430889453804,0.8561609287149857
2010,mean_turnovers,TOV,0.8702346924429755,-0.1231427001170335,-0.23627136536336313,0.5570823187053019,0.2264243011151458,0.07265430889453804,0.8561609287149857
2010,mean_personal_fouls,PF,0.6937884468927693,0.33806560423358095,0.30357618308751116,0.5570823187053019,0.2264243011151458,0.07265430889453804,0.8561609287149857
2011,mean_min_played,MP,0.9328288319420573,0.12516249058943105,0.13503958618012477,0.5450079909341982,0.22841022895536417,0.07407543259477213,0.8474936524843344
2011,mean_field_goals,FG,0.9488293457703079,0.08195847057611008,-0.09088588344356119,0.5450079909341982,0.22841022895536417,0.07407543259477213,0.8474936524843344
2011,mean_field_goals_3pt,FG3P,0.3032841800624921,0.8378761229486227,0.40946617442299404,0.5450079909341982,0.22841022895536417,0.07407543259477213,0.8474936524843344
2011,mean_free_throws,FT,0.8778390857668996,0.07153065037397827,-0.3370790444398075,0.5450079909341982,0.22841022895536417,0.07407543259477213,0.8474936524843344
2011,mean_field_goals_attempts,FGA,0.9326881920402044,0.21754752185882759,-0.08021591550948313,0.5450079909341982,0.22841022895536417,0.07407543259477213,0.8474936524843344
2011,mean_field_goals_attempt_3pt,FGA3P,0.31690809262727493,0.8533792304014448,0.3708528797874271,0.5450079909341982,0.22841022895536417,0.07407543259477213,0.8474936524843344
2011,mean_free_throws_attempts,FTA,0.8874838313755518,-0.03302799725217136,-0.32511530923209536,0.5450079909341982,0.22841022895536417,0.07407543259477213,0.8474936524843344
2011,mean_offensive_rebounds,ORB,0.4933024980652339,-0.761257875871484,0.18024660632865244,0.5450079909341982,0.22841022895536417,0.07407543259477213,0.8474936524843344
2011,mean_defensive_rebounds,DRB,0.749659958370358,-0.4811569054245641,0.2308244408824633,0.5450079909341982,0.22841022895536417,0.07407543259477213,0.8474936524843344
2011,mean_steals,STL,0.6809195571258785,0.25440115489694076,-0.07547642675459447,0.5450079909341982,0.22841022895536417,0.07407543259477213,0.8474936524843344
2011,mean_blocks,BLK,0.4362567781887483,-0.6877302847665364,0.3153078204694255,0.5450079909341982,0.22841022895536417,0.07407543259477213,0.8474936524843344
2011,mean_turnovers,TOV,0.8462140034848441,0.14915299379325306,-0.27943842098147814,0.5450079909341982,0.22841022895536417,0.07407543259477213,0.8474936524843344
2011,mean_personal_fouls,PF,0.7202234720605191,-0.30357567820915354,0.3695445016207019,0.5450079909341982,0.22841022895536417,0.07407543259477213,0.8474936524843344
2012,mean_min_played,MP,0.9306079771541781,0.11921606382021324,-0.13206537065694832,0.5359139677743399,0.22610114944370094,0.06949569943867318,0.831510816656714
2012,mean_field_goals,FG,0.9452436268074805,0.08190648257848247,0.07428448047492262,0.5359139677743399,0.22610114944370094,0.06949569943867318,0.831510816656714
2012,mean_field_goals_3pt,FG3P,0.2935987023848652,0.8451528683986982,-0.38310055276846094,0.5359139677743399,0.22610114944370094,0.06949569943867318,0.831510816656714
2012,mean_free_throws,FT,0.8768362417538801,0.0863546980068152,0.35337213921573724,0.5359139677743399,0.22610114944370094,0.06949569943867318,0.831510816656714
2012,mean_field_goals_attempts,FGA,0.9285111797237336,0.2115283006102162,0.06821126352120033,0.5359139677743399,0.22610114944370094,0.06949569943867318,0.831510816656714
2012,mean_field_goals_attempt_3pt,FGA3P,0.310843189040388,0.8635509756528498,-0.3393171317423969,0.5359139677743399,0.22610114944370094,0.06949569943867318,0.831510816656714
2012,mean_free_throws_attempts,FTA,0.8868624276125108,-0.02630046323734595,0.34300039931171367,0.5359139677743399,0.22610114944370094,0.06949569943867318,0.831510816656714
2012,mean_offensive_rebounds,ORB,0.4935099092997034,-0.7287574211327367,-0.19146728776092972,0.5359139677743399,0.22610114944370094,0.06949569943867318,0.831510816656714
2012,mean_defensive_rebounds,DRB,0.7632986258508562,-0.4694105298511818,-0.17895165558415077,0.5359139677743399,0.22610114944370094,0.06949569943867318,0.831510816656714
2012,mean_steals,STL,0.6975565525794272,0.1823113255088355,-0.05758592476506552,0.5359139677743399,0.22610114944370094,0.06949569943867318,0.831510816656714
2012,mean_blocks,BLK,0.40234019402856824,-0.69773406003303,-0.3079520631139174,0.5359139677743399,0.22610114944370094,0.06949569943867318,0.831510816656714
2012,mean_turnovers,TOV,0.8272915085465063,0.1649772627117086,0.2759381203651543,0.5359139677743399,0.22610114944370094,0.06949569943867318,0.831510816656714
2012,mean_personal_fouls,PF,0.6693209721495446,-0.3267655317777627,-0.3583750862454902,0.5359139677743399,0.22610114944370094,0.06949569943867318,0.831510816656714
2013,mean_min_played,MP,-0.9326915299238524,-0.0932305706001812,0.15784227054945882,0.53879557125873,0.23231383139134557,0.06626565083590187,0.8373750534859774
2013,mean_field_goals,FG,-0.9432676357816917,-0.049365757978217205,-0.059596031938793835,0.53879557125873,0.23231383139134557,0.06626565083590187,0.8373750534859774
2013,mean_field_goals_3pt,FG3P,-0.34167528546243114,-0.8354013011910698,0.35893737064769776,0.53879557125873,0.23231383139134557,0.06626565083590187,0.8373750534859774
2013,mean_free_throws,FT,-0.87239902810351,-0.06252382690999775,-0.38382623166164304,0.53879557125873,0.23231383139134557,0.06626565083590187,0.8373750534859774
2013,mean_field_goals_attempts,FGA,-0.9385118385780238,-0.18082204850840713,-0.03587281549935289,0.53879557125873,0.23231383139134557,0.06626565083590187,0.8373750534859774
2013,mean_field_goals_attempt_3pt,FGA3P,-0.3577669652202293,-0.8458659828407433,0.3161489785397936,0.53879557125873,0.23231383139134557,0.06626565083590187,0.8373750534859774
2013,mean_free_throws_attempts,FTA,-0.8808328293310781,0.04385244162762461,-0.370247665873244,0.53879557125873,0.23231383139134557,0.06626565083590187,0.8373750534859774
2013,mean_offensive_rebounds,ORB,-0.40548189606927426,0.7830076536164675,0.1745476706985494,0.53879557125873,0.23231383139134557,0.06626565083590187,0.8373750534859774
2013,mean_defensive_rebounds,DRB,-0.7299513258084273,0.5211576534651926,0.14908377754214475,0.53879557125873,0.23231383139134557,0.06626565083590187,0.8373750534859774
2013,mean_steals,STL,-0.7395342225603649,-0.2298117760714581,0.0013721339088648436,0.53879557125873,0.23231383139134557,0.06626565083590187,0.8373750534859774
2013,mean_blocks,BLK,-0.3896961612505958,0.6919717444968652,0.26995282413010513,0.53879557125873,0.23231383139134557,0.06626565083590187,0.8373750534859774
2013,mean_turnovers,TOV,-0.8744484664509309,-0.13461763531847895,-0.19745115524457998,0.53879557125873,0.23231383139134557,0.06626565083590187,0.8373750534859774
2013,mean_personal_fouls,PF,-0.6492351669050545,0.35010123714330066,0.39236765783788624,0.53879557125873,0.23231383139134557,0.06626565083590187,0.8373750534859774
2014,mean_min_played,MP,0.937627910183838,-0.10027448464706129,0.13767732253381731,0.5650705974363147,0.2214561319299494,0.06828666595708163,0.8548133953233458
2014,mean_field_goals,FG,0.9542562851180056,-0.04882692799399676,-0.049127619340628315,0.5650705974363147,0.2214561319299494,0.06828666595708163,0.8548133953233458
2014,mean_field_goals_3pt,FG3P,0.40116436809172457,-0.8088756330454665,0.38293881679909897,0.5650705974363147,0.2214561319299494,0.06828666595708163,0.8548133953233458
2014,mean_free_throws,FT,0.8840402048997453,-0.060671916123539504,-0.3410537247459481,0.5650705974363147,0.2214561319299494,0.06828666595708163,0.8548133953233458
2014,mean_field_goals_attempts,FGA,0.941312877223606,-0.18061088369375633,-0.040791600545051925,0.5650705974363147,0.2214561319299494,0.06828666595708163,0.8548133953233458
2014,mean_field_goals_attempt_3pt,FGA3P,0.4163890061759135,-0.8229987603814474,0.34228283246138363,0.5650705974363147,0.2214561319299494,0.06828666595708163,0.8548133953233458
2014,mean_free_throws_attempts,FTA,0.8925880885598408,0.039198136316194676,-0.34435273467664096,0.5650705974363147,0.2214561319299494,0.06828666595708163,0.8548133953233458
2014,mean_offensive_rebounds,ORB,0.48573580592637516,0.7634727547987596,0.1916870781843066,0.5650705974363147,0.2214561319299494,0.06828666595708163,0.8548133953233458
2014,mean_defensive_rebounds,DRB,0.7709766755689926,0.4838813316544265,0.1341864642203631,0.5650705974363147,0.2214561319299494,0.06828666595708163,0.8548133953233458
2014,mean_steals,STL,0.7278551763607508,-0.21916107625636128,-0.09060790259276731,0.5650705974363147,0.2214561319299494,0.06828666595708163,0.8548133953233458
2014,mean_blocks,BLK,0.42516927750101063,0.7193226620900741,0.28077484615119386,0.5650705974363147,0.2214561319299494,0.06828666595708163,0.8548133953233458
2014,mean_turnovers,TOV,0.8363863650673163,-0.13851034104006713,-0.29548489301256736,0.5650705974363147,0.2214561319299494,0.06828666595708163,0.8548133953233458
2014,mean_personal_fouls,PF,0.7191070243063566,0.30882435692537386,0.36998978287014095,0.5650705974363147,0.2214561319299494,0.06828666595708163,0.8548133953233458
2015,mean_min_played,MP,0.9241251872096655,-0.10090858022960353,-0.16175785637239512,0.5482571945532368,0.22723851223703065,0.07015368983125163,0.8456493966215191
2015,mean_field_goals,FG,0.9421519277331637,-0.0569692360590415,0.07615296821326496,0.5482571945532368,0.22723851223703065,0.07015368983125163,0.8456493966215191
2015,mean_field_goals_3pt,FG3P,0.38376024774452794,-0.8098018271778014,-0.37222686257069576,0.5482571945532368,0.22723851223703065,0.07015368983125163,0.8456493966215191
2015,mean_free_throws,FT,0.8730149134661213,-0.06822990846522277,0.3852574410098789,0.5482571945532368,0.22723851223703065,0.07015368983125163,0.8456493966215191
2015,mean_field_goals_attempts,FGA,0.9322166668864946,-0.2003162629595426,0.080817610255691,0.5482571945532368,0.22723851223703065,0.07015368983125163,0.8456493966215191
2015,mean_field_goals_attempt_3pt,FGA3P,0.38559546917593807,-0.8318638916605459,-0.334266780690963,0.5482571945532368,0.22723851223703065,0.07015368983125163,0.8456493966215191
2015,mean_free_throws_attempts,FTA,0.8893782119835432,0.04783757258495094,0.3626526258714704,0.5482571945532368,0.22723851223703065,0.07015368983125163,0.8456493966215191
2015,mean_offensive_rebounds,ORB,0.46250399135340753,0.7873394385071282,-0.16742096867804962,0.5482571945532368,0.22723851223703065,0.07015368983125163,0.8456493966215191
2015,mean_defensive_rebounds,DRB,0.7535718357953434,0.5091883744306798,-0.18528044318078238,0.5482571945532368,0.22723851223703065,0.07015368983125163,0.8456493966215191
2015,mean_steals,STL,0.7223587947309825,-0.25774893844043384,0.01851589177803931,0.5482571945532368,0.22723851223703065,0.07015368983125163,0.8456493966215191
2015,mean_blocks,BLK,0.44893296932947835,0.6904001963878351,-0.2515267361760644,0.5482571945532368,0.22723851223703065,0.07015368983125163,0.8456493966215191
2015,mean_turnovers,TOV,0.8465393227571867,-0.12766334547997918,0.23639873430015662,0.5482571945532368,0.22723851223703065,0.07015368983125163,0.8456493966215191
2015,mean_personal_fouls,PF,0.6676834908465786,0.32751284378225853,-0.40177448898414664,0.5482571945532368,0.22723851223703065,0.07015368983125163,0.8456493966215191
2016,mean_min_played,MP,-0.9251720905187307,-0.09156971138545392,0.16238499746360932,0.5682323512757529,0.2139426502530686,0.06603867127158189,0.8482136728004034
2016,mean_field_goals,FG,-0.9384568966613862,-0.05900700767759621,-0.115477834516891,0.5682323512757529,0.2139426502530686,0.06603867127158189,0.8482136728004034
2016,mean_field_goals_3pt,FG3P,-0.49381609696285456,-0.7705804012118895,0.2610694056939803,0.5682323512757529,0.2139426502530686,0.06603867127158189,0.8482136728004034
2016,mean_free_throws,FT,-0.8635686391740989,-0.04587286017954717,-0.4356465724365004,0.5682323512757529,0.2139426502530686,0.06603867127158189,0.8482136728004034
2016,mean_field_goals_attempts,FGA,-0.9359061500000027,-0.19234469397644632,-0.10606298924649613,0.5682323512757529,0.2139426502530686,0.06603867127158189,0.8482136728004034
2016,mean_field_goals_attempt_3pt,FGA3P,-0.508961763247583,-0.779422672901448,0.24268501375258925,0.5682323512757529,0.2139426502530686,0.06603867127158189,0.8482136728004034
2016,mean_free_throws_attempts,FTA,-0.865526615619279,0.0879405208755724,-0.4178852105316107,0.5682323512757529,0.2139426502530686,0.06603867127158189,0.8482136728004034
2016,mean_offensive_rebounds,ORB,-0.44123678085137347,0.7963653801370169,0.12052697995492898,0.5682323512757529,0.2139426502530686,0.06603867127158189,0.8482136728004034
2016,mean_defensive_rebounds,DRB,-0.7586999683942777,0.5019744329630461,0.12617591961791708,0.5682323512757529,0.2139426502530686,0.06603867127158189,0.8482136728004034
2016,mean_steals,STL,-0.7398733273622508,-0.1878244881473659,0.1876203424379168,0.5682323512757529,0.2139426502530686,0.06603867127158189,0.8482136728004034
2016,mean_blocks,BLK,-0.4609464215372645,0.7072021671987476,0.17378771756997027,0.5682323512757529,0.2139426502530686,0.06603867127158189,0.8482136728004034
2016,mean_turnovers,TOV,-0.8560450099822079,-0.08836249474481529,-0.16373870727153647,0.5682323512757529,0.2139426502530686,0.06603867127158189,0.8482136728004034
2016,mean_personal_fouls,PF,-0.7167002358236436,0.3030881003401308,0.43979435183769305,0.5682323512757529,0.2139426502530686,0.06603867127158189,0.8482136728004034
2017,mean_min_played,MP,-0.9141658556300917,0.05962037318778276,0.2253429925673148,0.5806115050787282,0.1982482787005356,0.0663752631981423,0.8452350469774061
2017,mean_field_goals,FG,-0.9418765304139637,0.07095441868229872,-0.10660226101260886,0.5806115050787282,0.1982482787005356,0.0663752631981423,0.8452350469774061
2017,mean_field_goals_3pt,FG3P,-0.5825815148669519,0.7030423692031968,0.29454543039383246,0.5806115050787282,0.1982482787005356,0.0663752631981423,0.8452350469774061
2017,mean_free_throws,FT,-0.8746699296536743,0.07454029512906045,-0.4242443270974445,0.5806115050787282,0.1982482787005356,0.0663752631981423,0.8452350469774061
2017,mean_field_goals_attempts,FGA,-0.9369549549612648,0.2025479694323525,-0.08866410575094882,0.5806115050787282,0.1982482787005356,0.0663752631981423,0.8452350469774061
2017,mean_field_goals_attempt_3pt,FGA3P,-0.594123377796586,0.70920302774777,0.2757853098668753,0.5806115050787282,0.1982482787005356,0.0663752631981423,0.8452350469774061
2017,mean_free_throws_attempts,FTA,-0.8854933508346959,-0.030289637027573132,-0.41413467540473436,0.5806115050787282,0.1982482787005356,0.0663752631981423,0.8452350469774061
2017,mean_offensive_rebounds,ORB,-0.4338352676199282,-0.8003425555568464,0.0747046077593663,0.5806115050787282,0.1982482787005356,0.0663752631981423,0.8452350469774061
2017,mean_defensive_rebounds,DRB,-0.7583532142224013,-0.49342519279591984,0.10881939282636939,0.5806115050787282,0.1982482787005356,0.0663752631981423,0.8452350469774061
2017,mean_steals,STL,-0.7280364906712316,0.07064488288098875,0.18184667768561624,0.5806115050787282,0.1982482787005356,0.0663752631981423,0.8452350469774061
2017,mean_blocks,BLK,-0.4421631992747444,-0.6970101832694788,0.15495329206660993,0.5806115050787282,0.1982482787005356,0.0663752631981423,0.8452350469774061
2017,mean_turnovers,TOV,-0.8635280375927921,0.06790468852815394,-0.2333662668570191,0.5806115050787282,0.1982482787005356,0.0663752631981423,0.8452350469774061
2017,mean_personal_fouls,PF,-0.6864152266140482,-0.38007897953173003,0.38679099696593006,0.5806115050787282,0.1982482787005356,0.0663752631981423,0.8452350469774061
2018,mean_min_played,MP,-0.9190192548476829,0.11657595122117405,0.2175296817284134,0.5831034847318888,0.1929240943042337,0.06341532385451114,0.8394429028906336
2018,mean_field_goals,FG,-0.94957374204885,0.050118455958118924,-0.10459933882423379,0.5831034847318888,0.1929240943042337,0.06341532385451114,0.8394429028906336
2018,mean_field_goals_3pt,FG3P,-0.5967651803549512,0.7046194860470417,0.23889046518225585,0.5831034847318888,0.1929240943042337,0.06341532385451114,0.8394429028906336
2018,mean_free_throws,FT,-0.8639528477954722,0.011020890927958884,-0.45373660833247004,0.5831034847318888,0.1929240943042337,0.06341532385451114,0.8394429028906336
2018,mean_field_goals_attempts,FGA,-0.944744865308947,0.1945762412253827,-0.09061040314478223,0.5831034847318888,0.1929240943042337,0.06341532385451114,0.8394429028906336
2018,mean_field_goals_attempt_3pt,FGA3P,-0.6108146818971297,0.7090166665715318,0.21492402951396364,0.5831034847318888,0.1929240943042337,0.06341532385451114,0.8394429028906336
2018,mean_free_throws_attempts,FTA,-0.8754985248526904,-0.09239792900553681,-0.436084562069469,0.5831034847318888,0.1929240943042337,0.06341532385451114,0.8394429028906336
2018,mean_offensive_rebounds,ORB,-0.4109219815865746,-0.801270996728219,0.11194293520631601,0.5831034847318888,0.1929240943042337,0.06341532385451114,0.8394429028906336
2018,mean_defensive_rebounds,DRB,-0.7490174823568848,-0.47123904191264215,0.17848908901291125,0.5831034847318888,0.1929240943042337,0.06341532385451114,0.8394429028906336
2018,mean_steals,STL,-0.7046948076310484,0.1373832126531259,0.22127951493130912,0.5831034847318888,0.1929240943042337,0.06341532385451114,0.8394429028906336
2018,mean_blocks,BLK,-0.47902733210101806,-0.662060073000731,0.1354574689623893,0.5831034847318888,0.1929240943042337,0.06341532385451114,0.8394429028906336
2018,mean_turnovers,TOV,-0.8757727492123042,0.028500482377900798,-0.17310283643234292,0.5831034847318888,0.1929240943042337,0.06341532385451114,0.8394429028906336
2018,mean_personal_fouls,PF,-0.690258200521397,-0.3522612661976221,0.34198481801864694,0.5831034847318888,0.1929240943042337,0.06341532385451114,0.8394429028906336
2019,mean_min_played,MP,0.9119739682436282,0.12028321080889562,0.23660673120706208,0.5930967714351258,0.18691698052902994,0.06795879044187303,0.8479725424060288
2019,mean_field_goals,FG,0.9518653959258032,0.051154600380224104,-0.1420394226311809,0.5930967714351258,0.18691698052902994,0.06795879044187303,0.8479725424060288
2019,mean_field_goals_3pt,FG3P,0.5957209385793162,0.7101390739368125,0.2193737746136627,0.5930967714351258,0.18691698052902994,0.06795879044187303,0.8479725424060288
2019,mean_free_throws,FT,0.8742391536265239,-0.0006193163539905055,-0.4264077035622928,0.5930967714351258,0.18691698052902994,0.06795879044187303,0.8479725424060288
2019,mean_field_goals_attempts,FGA,0.9448687220856982,0.20895647128085068,-0.11143042965951461,0.5930967714351258,0.18691698052902994,0.06795879044187303,0.8479725424060288
2019,mean_field_goals_attempt_3pt,FGA3P,0.6145200229991095,0.7116889467196824,0.19724920047637118,0.5930967714351258,0.18691698052902994,0.06795879044187303,0.8479725424060288
2019,mean_free_throws_attempts,FTA,0.8798721429801224,-0.08725957106708825,-0.4189473562380756,0.5930967714351258,0.18691698052902994,0.06795879044187303,0.8479725424060288
2019,mean_offensive_rebounds,ORB,0.45237608762369347,-0.7826033322750827,0.05780696771908529,0.5930967714351258,0.18691698052902994,0.06795879044187303,0.8479725424060288
2019,mean_defensive_rebounds,DRB,0.7819290774075336,-0.44469688852052836,0.05029293617269081,0.5930967714351258,0.18691698052902994,0.06795879044187303,0.8479725424060288
2019,mean_steals,STL,0.7148871912809384,0.07935356860337424,0.3049229963677622,0.5930967714351258,0.18691698052902994,0.06795879044187303,0.8479725424060288
2019,mean_blocks,BLK,0.4814501589449533,-0.6472034586109011,0.2129677732769689,0.5930967714351258,0.18691698052902994,0.06795879044187303,0.8479725424060288
2019,mean_turnovers,TOV,0.8807164309937056,0.0550860910094963,-0.18035560773040646,0.5930967714351258,0.18691698052902994,0.06795879044187303,0.8479725424060288
2019,mean_personal_fouls,PF,0.688602138055047,-0.3351607630312837,0.41687479999324234,0.5930967714351258,0.18691698052902994,0.06795879044187303,0.8479725424060288
2020,mean_min_played,MP,0.9155816642911984,0.066946679680038,-0.21766942669004893,0.5867589078833029,0.18583853810569498,0.07109862118137625,0.843696067170374
2020,mean_field_goals,FG,0.9523185739749088,0.04098179428205198,0.11766823849621647,0.5867589078833029,0.18583853810569498,0.07109862118137625,0.843696067170374
2020,mean_field_goals_3pt,FG3P,0.643164514172035,0.6416755634030011,-0.29555366679474565,0.5867589078833029,0.18583853810569498,0.07109862118137625,0.843696067170374
2020,mean_free_throws,FT,0.8708110656889304,0.054917141654222096,0.4166140797075208,0.5867589078833029,0.18583853810569498,0.07109862118137625,0.843696067170374
2020,mean_field_goals_attempts,FGA,0.9506496322897237,0.1885261675533738,0.07260652404767419,0.5867589078833029,0.18583853810569498,0.07109862118137625,0.843696067170374
2020,mean_field_goals_attempt_3pt,FGA3P,0.6685363992241911,0.6367695980306003,-0.26365546763325864,0.5867589078833029,0.18583853810569498,0.07109862118137625,0.843696067170374
2020,mean_free_throws_attempts,FTA,0.872763809053298,-0.029078691812297306,0.43091731399133815,0.5867589078833029,0.18583853810569498,0.07109862118137625,0.843696067170374
2020,mean_offensive_rebounds,ORB,0.3932559420123594,-0.832049338821566,0.025833586807816167,0.5867589078833029,0.18583853810569498,0.07109862118137625,0.843696067170374
2020,mean_defensive_rebounds,DRB,0.7578456060636375,-0.48593289652071286,-0.08024618442640341,0.5867589078833029,0.18583853810569498,0.07109862118137625,0.843696067170374
2020,mean_steals,STL,0.6817035640497947,0.02883310211998301,-0.199230272306727,0.5867589078833029,0.18583853810569498,0.07109862118137625,0.843696067170374
2020,mean_blocks,BLK,0.3853576468156934,-0.7000126733094074,-0.23301445687074573,0.5867589078833029,0.18583853810569498,0.07109862118137625,0.843696067170374
2020,mean_turnovers,TOV,0.892263162923615,0.05638932882055876,0.23835341436802288,0.5867589078833029,0.18583853810569498,0.07109862118137625,0.843696067170374
2020,mean_personal_fouls,PF,0.6782083199307055,-0.3614516186136455,-0.4286650941037926,0.5867589078833029,0.18583853810569498,0.07109862118137625,0.843696067170374
2021,mean_min_played,MP,0.9295143524835464,-0.07221458149872746,0.2015038065710052,0.5820058233808694,0.18637122739308604,0.07445854177276141,0.8428355925467168
2021,mean_field_goals,FG,0.952837240958032,-0.06483203727934096,-0.11620043217157507,0.5820058233808694,0.18637122739308604,0.07445854177276141,0.8428355925467168
2021,mean_field_goals_3pt,FG3P,0.632815678971892,-0.6574110479673552,0.3044021435706096,0.5820058233808694,0.18637122739308604,0.07445854177276141,0.8428355925467168
2021,mean_free_throws,FT,0.8594845002738803,0.015159793910055959,-0.4504254743801989,0.5820058233808694,0.18637122739308604,0.07445854177276141,0.8428355925467168
2021,mean_field_goals_attempts,FGA,0.9477529279842037,-0.21360468385019277,-0.07851470018503345,0.5820058233808694,0.18637122739308604,0.07445854177276141,0.8428355925467168
2021,mean_field_goals_attempt_3pt,FGA3P,0.6526949319718038,-0.6582146906525972,0.2853791065275917,0.5820058233808694,0.18637122739308604,0.07445854177276141,0.8428355925467168
2021,mean_free_throws_attempts,FTA,0.8606971360531406,0.10591786428024362,-0.451790471999724,0.5820058233808694,0.18637122739308604,0.07445854177276141,0.8428355925467168
2021,mean_offensive_rebounds,ORB,0.3711042146975639,0.8254925155032136,0.06307419219253274,0.5820058233808694,0.18637122739308604,0.07445854177276141,0.8428355925467168
2021,mean_defensive_rebounds,DRB,0.7621109760335903,0.4454095470323197,0.10052067225749634,0.5820058233808694,0.18637122739308604,0.07445854177276141,0.8428355925467168
2021,mean_steals,STL,0.7042050731545356,-0.075522153603283,0.19238552259580624,0.5820058233808694,0.18637122739308604,0.07445854177276141,0.8428355925467168
2021,mean_blocks,BLK,0.3833672506206642,0.6830653086788341,0.30538816822105536,0.5820058233808694,0.18637122739308604,0.07445854177276141,0.8428355925467168
2021,mean_turnovers,TOV,0.8773935498204876,-0.03732299462646907,-0.229559450527847,0.5820058233808694,0.18637122739308604,0.07445854177276141,0.8428355925467168
2021,mean_personal_fouls,PF,0.6773024989581866,0.3706672398936879,0.3599112379402719,0.5820058233808694,0.18637122739308604,0.07445854177276141,0.8428355925467168
